vocabulary_builder,comment,arguments,term-space-dimension,tr_set_size,te_set_size,microavaraged_recall,macroavaraged_recall,macroavarged_precission
ig-based,,{'M': 1},9,10000,4417,0.32171156893819336,0.19978933297089332,0.43176219502878377
ig-based,,"{'read_from_file': True, 'M': 50}",474,10000,4417,0.5338465021507811,0.43715002746220266,0.5605858701764069
ig-based,,"{'read_from_file': True, 'M': 100}",949,10000,4417,0.5526375367896762,0.4445926074463589,0.5589559661094639
ig-based,,"{'read_from_file': True, 'M': 200}",1987,10000,4417,0.5553543128820466,0.4306264808562315,0.5773759643100761
ig-based,,"{'read_from_file': True, 'M': 300}",2958,10000,4417,0.550826352728096,0.41092362108791664,0.6162998689785889
ig-based,,"{'read_from_file': True, 'M': 400}",3951,10000,4417,0.5442608105048675,0.3926579314174531,0.6291774781609137
ig-based,,"{'read_from_file': True, 'M': 500}",4813,10000,4417,0.5354312882046638,0.37114448439354614,0.6037753728965306
ig-based,,"{'read_from_file': True, 'M': 600}",5602,10000,4417,0.5259225718813675,0.35454006077798755,0.6164176077419234
ig-based,,"{'read_from_file': True, 'M': 1000}",8278,10000,4417,0.4989812089653611,0.3097062420350009,0.5260202056426758
