vocabulary_builder,comment,arguments,vocabulary_length,tr_set_size,te_set_size,standard_accuracy,uniform_accuracy
most-common,,{'M': 1},11,10000,4417,0.33008829522300204,0.19541199183959418
most-common,,{'M': 50},372,10000,4417,0.5200362236812316,0.42354437940182993
most-common,,{'M': 100},752,10000,4417,0.5395064523432194,0.4371428323060673
most-common,,{'M': 200},1550,10000,4417,0.5515055467511886,0.43487959789929714
most-common,,{'M': 300},2368,10000,4417,0.5571654969436269,0.42649864006486465
most-common,,{'M': 400},3223,10000,4417,0.5515055467511886,0.40868432714052216
most-common,,{'M': 500},4014,10000,4417,0.5447136065202626,0.3947768906924701
most-common,,{'M': 600},4740,10000,4417,0.540638442381707,0.38200292378685835
most-common,,{'M': 1000},7412,10000,4417,0.5132442834503056,0.3312013647539597
