vocabulary_builder,comment,arguments,vocabulary_length,tr_set_size,te_set_size,standard_accuracy,uniform_accuracy
ig-based non uniform,,{'M': 1},9,10000,4417,0.32171156893819336,0.19978933297089332
ig-based non uniform,,{'M': 500},306,10000,4417,0.5254697758659724,0.4157983522424017
ig-based non uniform,,{'M': 1000},608,10000,4417,0.5456191985510528,0.4323352379407071
ig-based non uniform,,{'M': 2000},1233,10000,4417,0.5601086710436948,0.4428104566836178
ig-based non uniform,,{'M': 3000},1926,10000,4417,0.5594294770206022,0.4328982346035128
ig-based non uniform,,{'M': 5000},3033,10000,4417,0.5607878650667875,0.4210412775647115
ig-based non uniform,,{'M': 10000},7694,10000,4417,0.5157346615349785,0.3307655663429217
