vocabulary_builder,comment,arguments,vocabulary_length,tr_set_size,te_set_size,standard_accuracy,uniform_accuracy
most-common,without stemming,{'M': 200},1641,10000,4417,0.5641838351822503,0.44311826290392037
most-common,without stemming,{'M': 300},2516,10000,4417,0.5646366311976455,0.4300160301604739
most-common,without stemming,{'M': 400},3402,10000,4417,0.5603350690513923,0.41116228099594004
most-common,stemming,{'M': 200},1528,10000,4417,0.5621462531129726,0.44222153059343106
most-common,stemming,{'M': 300},2353,10000,4417,0.5650894272130406,0.4365052808701301
most-common,stemming,{'M': 400},3228,10000,4417,0.5662214172515282,0.4194289520610351
