vocabulary_builder,comment,arguments,vocabulary_length,tr_set_size,te_set_size,standard_accuracy,uniform_accuracy
ig-based,,{'M': 1},9,10000,4417,0.32171156893819336,0.19978933297089335
ig-based,,"{'read_from_file': True, 'M': 50}",474,10000,4417,0.5338465021507811,0.4371500274622027
ig-based,,"{'read_from_file': True, 'M': 100}",949,10000,4417,0.5526375367896762,0.444592607446359
ig-based,,"{'read_from_file': True, 'M': 200}",1987,10000,4417,0.5553543128820466,0.4306264808562315
ig-based,,"{'read_from_file': True, 'M': 300}",2958,10000,4417,0.550826352728096,0.41092362108791664
ig-based,,"{'read_from_file': True, 'M': 400}",3951,10000,4417,0.5442608105048675,0.3926579314174531
ig-based,,"{'read_from_file': True, 'M': 500}",4813,10000,4417,0.5354312882046638,0.37114448439354625
ig-based,,"{'read_from_file': True, 'M': 600}",5602,10000,4417,0.5259225718813675,0.35454006077798755
ig-based,,"{'read_from_file': True, 'M': 1000}",8278,10000,4417,0.4989812089653611,0.309706242035001
