vocabulary_builder,comment,arguments,term-space-dimension,tr_set_size,te_set_size,microavaraged_recall,macroavaraged_recall,macroavarged_precission
most-common,,{'M': 1},11,10000,4417,0.3275979171383292,0.19020498810410533,0.29032370356869663
most-common,,{'M': 50},369,10000,4417,0.5184514376273489,0.4211638253925049,0.5323526225675375
most-common,,{'M': 100},757,10000,4417,0.5383744623047317,0.4365037613001467,0.5476283481323306
most-common,,{'M': 200},1558,10000,4417,0.5492415666742133,0.4319366654278001,0.5629506652230937
most-common,,{'M': 300},2384,10000,4417,0.5567127009282319,0.4279145871886298,0.578443574192339
most-common,,{'M': 400},3218,10000,4417,0.5544487208512565,0.4155967094930717,0.6092488595669127
most-common,,{'M': 500},4033,10000,4417,0.5453928005433553,0.3963516146236882,0.6219292406288781
most-common,,{'M': 600},4780,10000,4417,0.5397328503509169,0.3789483930058716,0.6025949529214515
most-common,,{'M': 1000},7471,10000,4417,0.5136970794657008,0.3308084635968708,0.5477312769853557
